Interest,
Neuroscience,
Graphical Programing,
Artificial Intelligence,
Genetics,
Computational Biology,
Natural Language Processing,
Computational Architecture,
3D Modeling,
Typography,
Animation,
Photography,
Image Processing,
Computer Vision,
Computer Intuition,
Internet of Things,
Arduino,
Prototyping,
Creative Coding,
Creative Algorithms,
Film,
Interaction Design,
UX UI,
Front End Development,
Unity,
Game Design,
Evolutionary Systems,
Data Visualization,
Haptic Systems,
Biomimicry,
Computation,
Social Physics ,
Swarm Intelligence,
Emergence,
Chaos,
Responsive Environments,
Urban Design,
Automation,
Intuitive Learning,
Sketching,
Ideas